<VisualMicro>
  <Program Name="MultiWii_Picopter" Ext=".pde" Location="D:\NiVek\Micro\Firmware\MultiWii_Picopter">
    <Platform Name="arduino10x" Package="arduino" Platform="avr" Architecture="avr">
      <Board Name="picopter_flier" Description="picopter_flier" CoreFolder="k:\Electronics\AVR\arduino-0023\hardware\arduino\cores\picopter_core" VariantFullPath="" McuIdePath="k:\Electronics\AVR\arduino-0023" McuSketchBookPath="D:\NiVek\Micro\Firmware" name="picopter_flier" upload.protocol="avrispv2" upload.maximum_size="126976" upload.speed="115200" bootloader.low_fuses="0xF7" bootloader.high_fuses="0xD9" bootloader.extended_fuses="0xF4" bootloader.unlock_bits="0x3F" bootloader.lock_bits="0x0F" build.mcu="atmega128rfa1" build.f_cpu="16000000L" build.core="picopter_core" runtime.ide.path="k:\Electronics\AVR\arduino-0023" build.system.path="k:\Electronics\AVR\arduino-0023\hardware\arduino\system" runtime.ide.version="23" originalid="picopter_flier" build.core.vmresolved="k:\Electronics\AVR\arduino-0023\hardware\arduino\cores\picopter_core" build.core.parentfolder.vmresolved="k:\Electronics\AVR\arduino-0023\hardware\arduino\cores" build.core.coresparentfolder.vmresolved="k:\Electronics\AVR\arduino-0023\hardware\arduino" vm.core.include="wprogram.h" vm.boardsource.path="k:\Electronics\AVR\arduino-0023\hardware\arduino" vm.platformname.name="avr" build.arch="AVR" ide.hint="Arduino 0023 and 1.0.x Ide" ide.location.key="Arduino" ide.location.ide.winreg="Arduino 1.0.x Application" ide.location.sketchbook.winreg="Arduino 1.0.x Sketchbook" ide.location.sketchbook.preferences="sketchbook.path" ide.location.sketchbook.default="%MYDOCUMENTS%\arduino" ide.location.preferences="%VM_APPDATA_ROAMING%\arduino\preferences.txt" ide.default.package="arduino" ide.default.platform="avr" ide.multiplatform="true" ide.includes="arduino.h" ide.platformswithoutpackage="true" ide.sketchfolder.platforms.exclude="avr" ide.includes.fallback="wprogram.h" ide.extension="ino" ide.extension.fallback="pde" ide.versionLTEQ="149" ide.exe="arduino.exe" ide.hosts="atmel" ide.url="http://arduino.cc/en/Main/Software" vm.debug="true" software="ARDUINO" ide.appid="arduino10x" location.sketchbook="D:\NiVek\Micro\Firmware" />
    </Platform>
    <Compile CompilerErrors="0" ConfigurationName="Debug" OptimiseLibs="True" OptimiseCore="True" BuildPath="C:\Users\Kevin\AppData\Local\VMicro\Arduino\Builds\MultiWii_Picopter\picopter_flier" AutoGeneratePrototypes="" StopOnError="True" IsDebugStart="1" IncludeDebug="0" IncludesDebug="0" SketchName="MultiWii_Picopter" IsCompiled="1" />
    <Debug LocalPort="COM10" LocalPortSpeed="115200" RemotePortSpeed="115200" StartUpPause="1" StartUpDelayOrDtrEnabled="0" EnableBreak="1" RemotePortTransport="" RemotePort="" IncludeDisabledBreakpoints="1" PinRX="47" PinTX="46" DebugMode="" DebugEnabled="0" />
    <VCCodeModel>
      <VCCodeMacros />
    </VCCodeModel>
  </Program>
</VisualMicro>