<VisualMicro>
  <Program Name="PicopterTransmitter" Ext=".pde" Location="D:\NiVek\Micro\Firmware\PicopterTransmitter">
    <Platform Name="arduino10x" Package="arduino" Platform="avr" Architecture="avr">
      <Board Name="picopter_station" Description="picopter_station" CoreFolder="k:\Electronics\AVR\arduino-0023\hardware\arduino\cores\picopter_core" VariantFullPath="" McuIdePath="k:\Electronics\AVR\arduino-0023" McuSketchBookPath="D:\NiVek\Micro\Firmware" name="picopter_station" upload.protocol="stk500v1" upload.maximum_size="126976" upload.speed="38400" bootloader.low_fuses="0xF7" bootloader.high_fuses="0xD8" bootloader.extended_fuses="0xF4" bootloader.path="picopter_boot" bootloader.file="atmegaboot_picopter.hex" bootloader.unlock_bits="0x3F" bootloader.lock_bits="0x0F" build.mcu="atmega128rfa1" build.f_cpu="16000000L" build.core="picopter_core" runtime.ide.path="k:\Electronics\AVR\arduino-0023" build.system.path="k:\Electronics\AVR\arduino-0023\hardware\arduino\system" runtime.ide.version="23" originalid="picopter_station" build.core.vmresolved="k:\Electronics\AVR\arduino-0023\hardware\arduino\cores\picopter_core" build.core.parentfolder.vmresolved="k:\Electronics\AVR\arduino-0023\hardware\arduino\cores" build.core.coresparentfolder.vmresolved="k:\Electronics\AVR\arduino-0023\hardware\arduino" vm.core.include="wprogram.h" vm.boardsource.path="k:\Electronics\AVR\arduino-0023\hardware\arduino" vm.platformname.name="avr" build.arch="AVR" ide.hint="Arduino 0023 and 1.0.x Ide" ide.location.key="Arduino" ide.location.ide.winreg="Arduino 1.0.x Application" ide.location.sketchbook.winreg="Arduino 1.0.x Sketchbook" ide.location.sketchbook.preferences="sketchbook.path" ide.location.sketchbook.default="%MYDOCUMENTS%\arduino" ide.location.preferences="%VM_APPDATA_ROAMING%\arduino\preferences.txt" ide.default.package="arduino" ide.default.platform="avr" ide.multiplatform="true" ide.includes="arduino.h" ide.platformswithoutpackage="true" ide.sketchfolder.platforms.exclude="avr" ide.includes.fallback="wprogram.h" ide.extension="ino" ide.extension.fallback="pde" ide.versionLTEQ="149" ide.exe="arduino.exe" ide.hosts="atmel" ide.url="http://arduino.cc/en/Main/Software" vm.debug="true" software="ARDUINO" ide.appid="arduino10x" location.sketchbook="D:\NiVek\Micro\Firmware" compiler.path="k:\Electronics\AVR\arduino-0023\hardware\tools\avr\bin\" includes=" -I&quot;k:\Electronics\AVR\arduino-0023\hardware\arduino\cores\picopter_core&quot;  -I&quot;k:\Electronics\AVR\arduino-0023\libraries\PicopterRadio&quot;  -I&quot;k:\Electronics\AVR\arduino-0023\libraries\NiVekMessageParser&quot;  -I&quot;k:\Electronics\AVR\arduino-0023\libraries\PicopterWiiClassicCtrler&quot; " build.path="C:\Users\Kevin\AppData\Local\VMicro\Arduino\Builds\PicopterTransmitter\picopter_station" build.project_name="PicopterTransmitter" archive_file="core.a" object_file="C:\Users\Kevin\AppData\Local\VMicro\Arduino\Builds\PicopterTransmitter\picopter_station\PicopterWiiClassicCtrler\twi.c.o" source_file="k:\Electronics\AVR\arduino-0023\libraries\PicopterWiiClassicCtrler\twi.c" object_files="&quot;C:\Users\Kevin\AppData\Local\VMicro\Arduino\Builds\PicopterTransmitter\picopter_station\PicopterTransmitter.cpp.o&quot; &quot;C:\Users\Kevin\AppData\Local\VMicro\Arduino\Builds\PicopterTransmitter\picopter_station\PicopterRadio\radio_rfa.c.o&quot; &quot;C:\Users\Kevin\AppData\Local\VMicro\Arduino\Builds\PicopterTransmitter\picopter_station\PicopterRadio\trx_datarate.c.o&quot; &quot;C:\Users\Kevin\AppData\Local\VMicro\Arduino\Builds\PicopterTransmitter\picopter_station\PicopterRadio\trx_datarate_str.c.o&quot; &quot;C:\Users\Kevin\AppData\Local\VMicro\Arduino\Builds\PicopterTransmitter\picopter_station\PicopterRadio\trx_rfa.c.o&quot; &quot;C:\Users\Kevin\AppData\Local\VMicro\Arduino\Builds\PicopterTransmitter\picopter_station\PicopterRadio\PicopterRadio.cpp.o&quot; &quot;C:\Users\Kevin\AppData\Local\VMicro\Arduino\Builds\PicopterTransmitter\picopter_station\NiVekMessageParser\NiVekMessage.cpp.o&quot; &quot;C:\Users\Kevin\AppData\Local\VMicro\Arduino\Builds\PicopterTransmitter\picopter_station\NiVekMessageParser\NiVekMessageParser.cpp.o&quot; &quot;C:\Users\Kevin\AppData\Local\VMicro\Arduino\Builds\PicopterTransmitter\picopter_station\NiVekMessageParser\NiVekMessageScribe.cpp.o&quot; &quot;C:\Users\Kevin\AppData\Local\VMicro\Arduino\Builds\PicopterTransmitter\picopter_station\PicopterWiiClassicCtrler\PicopterWiiClassicCtrler.c.o&quot; &quot;C:\Users\Kevin\AppData\Local\VMicro\Arduino\Builds\PicopterTransmitter\picopter_station\PicopterWiiClassicCtrler\twi.c.o&quot; " build.architecture="avr" vmresolved.compiler.path="k:\Electronics\AVR\arduino-0023\hardware\tools\avr\bin\" vmresolved.tools.path="k:\Electronics\AVR\arduino-0023\hardware\tools\avr" />
    </Platform>
    <Compile IsDebugStart="0" CompilerErrors="0" ConfigurationName="Debug" OptimiseLibs="True" OptimiseCore="True" BuildPath="C:\Users\Kevin\AppData\Local\VMicro\Arduino\Builds\PicopterTransmitter\picopter_station" StopOnError="True" IncludeDebug="0" IncludesDebug="0" SketchName="PicopterTransmitter" IsCompiled="1" />
    <Debug DebugEnabled="0" />
    <VCCodeModel>
      <VCCodeMacros />
    </VCCodeModel>
  </Program>
</VisualMicro>